<?xml version="1.0" encoding="utf-8"?>
<modification>
    <name>Tamara payment - Widgets - OC 2.0.x - 2.2.x</name>
    <version>1.4.8</version>
    <link>https://tamara.co/en/index.html#how-it-works</link>
    <author>Tamara</author>
    <code>tamarapay</code>
    <file path="catalog/controller/product/product.php">
        <operation>
            <search><![CDATA[$data['recurrings'] = $this->model_catalog_product->getProfiles($this->request->get['product_id']);]]>
            </search>
            <add position="after">
                <![CDATA[
            //Tamara - display product widget
            $tamaraWidgetHtml = '';
            $this->load->model('payment/tamarapay');
            if (!$this->model_payment_tamarapay->isTamaraEnabled()) {
                goto end_pdp_widget;
            }
            if ($this->model_payment_tamarapay->getDisableTamara()) {
                goto end_pdp_widget;
            }
            $this->load->model('payment/tamarapay');
            $productId = $this->request->get['product_id'];
            if (empty($productId)) {
                goto end_pdp_widget;
            }
            $excludeProductIds = explode(",",strval($this->config->get('tamarapay_pdp_wg_exclude_product_ids')));
            if (in_array($productId, $excludeProductIds)) {
                goto end_pdp_widget;
            }
            $excludeCategoryIds = explode(",",strval($this->config->get('tamarapay_pdp_wg_exclude_category_ids')));
            $this->load->model('catalog/product');
            $rows = $this->model_catalog_product->getCategories($productId);
            $productCategories = [];
            if (!empty($rows)) {
                foreach ($rows as $row) {
                    $productCategories[] = $row['category_id'];
                }
                if (!empty(array_intersect($productCategories, $excludeCategoryIds))) {
                    goto end_pdp_widget;
                }
            }

            if (!empty(array_intersect($productCategories, $excludeCategoryIds))) {
                goto end_pdp_widget;
            }
            $finalPrice = 0.00;
            if ((float)$product_info['special']) {
                $finalPrice = $this->tax->calculate($product_info['special'], $product_info['tax_class_id'], $this->config->get('config_tax'));
            } else {
                if ($this->customer->isLogged() || !$this->config->get('config_customer_price')) {
                    $finalPrice = $this->tax->calculate($product_info['price'], $product_info['tax_class_id'], $this->config->get('config_tax'));
                }
            }
            $tamaraWidgetHtml = $this->getTamaraWidgetHtml($finalPrice);
            end_pdp_widget:
            $data['tamaraWidgetHtml'] = $tamaraWidgetHtml;
            //End Tamara
				]]></add>
        </operation>
        <operation>
            <search><![CDATA[public function review()]]></search>
            <add position="before">
                <![CDATA[
    //Tamara - Get widget html
    public function getTamaraWidgetHtml($price) {
        $result = '';
        $this->load->model('payment/tamarapay');
        $bestMethodForCustomer = $this->model_payment_tamarapay->getBestMethodForCustomer($price, $this->model_payment_tamarapay->getCurrencyCodeFromSession());
        if (empty($bestMethodForCustomer)) {
            return $result;
        }

        //list of the payment types which does not have the widget
        if (in_array($bestMethodForCustomer['name'], ['pay_now'])) {
            return $result;
        }

        $countryCode = $this->model_payment_tamarapay->getSupportedCountriesByCurrency($bestMethodForCustomer['currency'])[0];
        $languageCode = $this->language->get('code');
        if (empty($languageCode)) {
            $languageCode = 'en';
        }
        $publicKey = $this->model_payment_tamarapay->getMerchantPublicKey();
        $isUseWidgetV1 = empty($publicKey);
        if ($isUseWidgetV1) {
            $result = '<div id="tamara-product-widget" class="tamara-product-widget" data-lang="'. $languageCode .'" data-price="'. $price .'" data-currency="'. $bestMethodForCustomer['currency'] .'" data-country-code="'. $countryCode .'" data-installment-available-amount="'. $bestMethodForCustomer['min_limit'] .'"';
            if ($this->model_payment_tamarapay->isInstallmentsPayment($bestMethodForCustomer['name'])) {
                $result .= (' data-payment-type="installment" data-number-of-installments="'.$bestMethodForCustomer['number_of_instalments'].'" data-installment-minimum-amount="' .$bestMethodForCustomer['min_limit']. '" data-installment-maximum-amount="'.$bestMethodForCustomer['max_limit'].'" data-disable-paylater="true"></div>');
            } else {
                if ($bestMethodForCustomer['name'] == "pay_by_later") {
                    $result .= (' data-payment-type="paylater" data-disable-paylater="false" data-disable-product-limit="true" data-disable-installment="true" data-pay-later-max-amount="'. $bestMethodForCustomer['max_limit'] .'"></div>');
                } else {
                    if ($bestMethodForCustomer['name'] == "pay_next_month") {
                        $result .= (' data-payment-type="pay-next-month" data-disable-paylater="true" data-disable-installment="false"></div>');
                    }
                }
            }

            $productWidgetUrl = "https://cdn.tamara.co/widget/product-widget.min.js";
            if ($this->model_payment_tamarapay->isSandboxMode()) {
                $productWidgetUrl = "https://cdn-sandbox.tamara.co/widget/product-widget.min.js";
            }
            $result .= '
            <script type="text/javascript">
                window.tamara = [];
                window.langCode = "'.$languageCode.'";
                window.tamara.currencyCode = "'.$bestMethodForCustomer["currency"].'";
                window.checkTamaraProductWidgetCount = 0;
                window.tamara.widgetPublicKey = "'.$this->config->get("tamarapay_merchant_public_key").'";
                document.getElementById("tamara-product-widget").setAttribute("data-lang", window.langCode);
                var existTamaraProductWidget = setInterval(function () {
                    if (window.TamaraProductWidget) {
                        window.TamaraProductWidget.init({ lang: window.tamara.langCode, currency: window.tamara.currencyCode});
                        window.TamaraProductWidget.render();
                        clearInterval(existTamaraProductWidget);
                    }
                    window.checkTamaraProductWidgetCount += 1;
                    if (window.checkTamaraProductWidgetCount > 33) {
                        clearInterval(existTamaraProductWidget);
                    }
                }, 300);
            </script>
            <script charset="utf-8" defer src="'. $productWidgetUrl .'?t='.time().'"></script>
            ';
        } else {
            if ($this->model_payment_tamarapay->isSandboxMode()) {
                $widgetUrl = "https://cdn-sandbox.tamara.co/widget-v2/tamara-widget.js";
            } else {
                $widgetUrl = "https://cdn.tamara.co/widget-v2/tamara-widget.js";
            }
            $result = '<tamara-widget id="tamara_promo_widget" type="tamara-summary" amount="' . $price . '" inline-type="2"></tamara-widget>';
            $result .= ('<script>
                    var tamaraWidgetConfig = {
                        lang: "'. $languageCode .'",
                        country: "'. $countryCode .'",
                        publicKey: "'. $publicKey .'"
                    }
                    </script>
                    <script charset="utf-8" defer src="'. $widgetUrl .'?t='.time().'"></script>'
            );
        }
        return ('<div class="tamara-promo" style="margin-bottom: 10px;">' . $result . '</div>');
    }
]]>
            </add>
        </operation>
    </file>
    <file path="catalog/view/theme/*/template/product/product.tpl">
        <operation>
            <search><![CDATA[<div id="product">]]></search>
            <add position="before">
                <![CDATA[
                    <?php echo $tamaraWidgetHtml; ?>
				]]></add>
        </operation>
    </file>
    <file path="catalog/controller/checkout/cart.php">
        <operation>
            <search><![CDATA[public function add()]]></search>
            <add position="before"><![CDATA[
    //Tamara - Get widget html
    public function getTamaraWidgetHtml($price) {
        $result = '';
        $this->load->model('payment/tamarapay');
        $bestMethodForCustomer = $this->model_payment_tamarapay->getBestMethodForCustomer($price, $this->model_payment_tamarapay->getCurrencyCodeFromSession());
        if (empty($bestMethodForCustomer)) {
            return $result;
        }

        //list of the payment types which does not have the widget
        if (in_array($bestMethodForCustomer['name'], ['pay_now'])) {
            return $result;
        }

        $countryCode = $this->model_payment_tamarapay->getSupportedCountriesByCurrency($bestMethodForCustomer['currency'])[0];
        $languageCode = $this->language->get('code');
        if (empty($languageCode)) {
            $languageCode = 'en';
        }
        $publicKey = $this->model_payment_tamarapay->getMerchantPublicKey();
        $isUseWidgetV1 = empty($publicKey);
        if ($isUseWidgetV1) {
            $result = '<div id="tamara-product-widget" class="tamara-product-widget" data-lang="'. $languageCode .'" data-price="'. $price .'" data-currency="'. $bestMethodForCustomer['currency'] .'" data-country-code="'. $countryCode .'" data-installment-available-amount="'. $bestMethodForCustomer['min_limit'] .'"';
            if ($this->model_payment_tamarapay->isInstallmentsPayment($bestMethodForCustomer['name'])) {
                $result .= (' data-payment-type="installment" data-number-of-installments="'.$bestMethodForCustomer['number_of_instalments'].'" data-installment-minimum-amount="' .$bestMethodForCustomer['min_limit']. '" data-installment-maximum-amount="'.$bestMethodForCustomer['max_limit'].'" data-disable-paylater="true"></div>');
            } else {
                if ($bestMethodForCustomer['name'] == "pay_by_later") {
                    $result .= (' data-payment-type="paylater" data-disable-paylater="false" data-disable-product-limit="true" data-disable-installment="true" data-pay-later-max-amount="'. $bestMethodForCustomer['max_limit'] .'"></div>');
                } else {
                    if ($bestMethodForCustomer['name'] == "pay_next_month") {
                        $result .= (' data-payment-type="pay-next-month" data-disable-paylater="true" data-disable-installment="false"></div>');
                    }
                }
            }

            $productWidgetUrl = "https://cdn.tamara.co/widget/product-widget.min.js";
            if ($this->model_payment_tamarapay->isSandboxMode()) {
                $productWidgetUrl = "https://cdn-sandbox.tamara.co/widget/product-widget.min.js";
            }
            $result .= '
            <script type="text/javascript">
                window.tamara = [];
                window.langCode = "'.$languageCode.'";
                window.tamara.currencyCode = "'.$bestMethodForCustomer["currency"].'";
                window.checkTamaraProductWidgetCount = 0;
                window.tamara.widgetPublicKey = "'.$this->config->get("tamarapay_merchant_public_key").'";
                document.getElementById("tamara-product-widget").setAttribute("data-lang", window.langCode);
                var existTamaraProductWidget = setInterval(function () {
                    if (window.TamaraProductWidget) {
                        window.TamaraProductWidget.init({ lang: window.tamara.langCode, currency: window.tamara.currencyCode});
                        window.TamaraProductWidget.render();
                        clearInterval(existTamaraProductWidget);
                    }
                    window.checkTamaraProductWidgetCount += 1;
                    if (window.checkTamaraProductWidgetCount > 33) {
                        clearInterval(existTamaraProductWidget);
                    }
                }, 300);
            </script>
            <script charset="utf-8" defer src="'. $productWidgetUrl .'?t='.time().'"></script>
            ';
        } else {
            if ($this->model_payment_tamarapay->isSandboxMode()) {
                $widgetUrl = "https://cdn-sandbox.tamara.co/widget-v2/tamara-widget.js";
            } else {
                $widgetUrl = "https://cdn.tamara.co/widget-v2/tamara-widget.js";
            }
            $result = '<tamara-widget id="tamara_promo_widget" type="tamara-summary" amount="' . $price . '" inline-type="2"></tamara-widget>';
            $result .= ('<script>
                    var tamaraWidgetConfig = {
                        lang: "'. $languageCode .'",
                        country: "'. $countryCode .'",
                        publicKey: "'. $publicKey .'"
                    }
                    </script>
                    <script charset="utf-8" defer src="'. $widgetUrl .'?t='.time().'"></script>'
            );
        }
        return ('<div class="tamara-promo" style="margin-bottom: 10px;">' . $result . '</div>');
    }
]]></add>
        </operation>
        <operation>
            <search><![CDATA[$data['checkout_buttons'] = array();]]></search>
            <add position="after">
                <![CDATA[
            //Tamara - cart widget
            $tamaraWidgetHtml = '';
            $this->load->model('payment/tamarapay');
            if (!$this->model_payment_tamarapay->isTamaraEnabled()) {
                goto end_cart_widget;
            }
            if ($this->model_payment_tamarapay->getDisableTamara()) {
                goto end_cart_widget;
            }
            if (!$this->model_payment_tamarapay->validateCartItems()) {
                goto end_cart_widget;
            }
            $this->load->model('payment/helper/tamara_opencart');
            $cartValue = $this->model_payment_helper_tamara_opencart->getTotalAmountInCurrency();
            if (empty($cartValue)) {
                goto end_cart_widget;
            }
            $tamaraWidgetHtml = $this->getTamaraWidgetHtml($cartValue);
            if (!empty($tamaraWidgetHtml)) {
                $tamaraWidgetHtml .= '<style>#tamara_promo_widget {text-align: right;}</style>';
            }
            end_cart_widget:
            $data['tamaraWidgetHtml'] = $tamaraWidgetHtml;
            //End Tamara
				]]></add>
        </operation>
    </file>
    <file path="catalog/view/theme/*/template/checkout/cart.tpl">
        <operation>
            <search><![CDATA[<div class="buttons">]]></search>
            <add position="before">
                <![CDATA[
            <?php echo $tamaraWidgetHtml; ?>
				]]></add>
        </operation>
    </file>
</modification>